,rcvTime,sendTime,label,pos_x,pos_y,pos_z,pos_noise_x,pos_noise_y,pos_noise_z,spd_x,spd_y,spd_z,spd_noise_x,spd_noise_y,spd_noise_z,acl_x,acl_y,acl_z,acl_noise_x,acl_noise_y,acl_noise_z,hed_x,hed_y,hed_z,hed_noise_x,hed_noise_y,hed_noise_z
92,0.0494451869477075,0.0494451869477075,0.0,0.17532263678174914,0.06838670048604663,0.0,0.1019501460842207,0.12866476124549053,0.0,0.2114565873644818,0.47607219735120265,0.0,0.4405391075755017,0.12445906039415777,0.0,0.4791733823544626,0.6993915251459,0.0,0.011464651612281333,0.009572512225015335,0.0,0.42693650256553883,0.9949639364096183,0.0,0.17026511667747343,0.06414500402548559,0.0
97,0.08017905195242747,0.08017905195242747,0.0,0.16889981899192696,0.10796630442455764,0.0,0.15870375076045784,0.12404550162314765,0.0,0.20618931088050252,0.4800463313293445,0.0,0.4455031365518131,0.1189774453655944,0.0,0.5092515814696925,0.5149257061447602,0.0,0.004366599531517516,0.0020583148751305703,0.0,0.4257342883404084,0.994791171878748,0.0,0.17524959247187408,0.06273585727538714,0.0
