,rcvTime,sendTime,label,pos_x,pos_y,pos_z,pos_noise_x,pos_noise_y,pos_noise_z,spd_x,spd_y,spd_z,spd_noise_x,spd_noise_y,spd_noise_z,acl_x,acl_y,acl_z,acl_noise_x,acl_noise_y,acl_noise_z,hed_x,hed_y,hed_z,hed_noise_x,hed_noise_y,hed_noise_z
480,0.5155605033315851,0.5155605033315851,1.0,0.007305415547109596,0.6404469627046405,0.0,0.5954632688212136,0.5535020200671992,0.0,0.6794445706346887,0.5427261982928339,0.0,0.2346104476184311,0.6055723310061125,0.0,0.5198686472357071,0.677996092495491,0.0,0.0025087428394923177,0.00018557211713799378,0.0,0.3344959866300469,0.37774260390173675,0.0,0.029092029158075423,0.2995148725565292,0.0
283,0.5460714415846724,0.5460714415846724,0.0,0.4910958484989944,0.5485002199754541,0.0,0.20867541437637138,0.17847343107429592,0.0,0.4315492712853812,0.1269804417709919,0.0,0.6123597583711224,0.20490020634043515,0.0,0.5159384306325896,0.4979692169162906,0.0,0.002743566117066708,0.0013307587071416372,0.0,0.8938144472795997,0.19199624512994734,0.0,0.05086967516063261,0.4500664195390209,0.0
102,0.6026539067239582,0.6026539067239582,0.0,0.5510137948293569,0.505009013195803,0.0,0.0,0.14432722285042532,0.0,0.18797199743671744,0.40752167586811516,0.0,0.4626998424222776,0.2190852814129903,0.0,0.4074618913053481,0.7604830434651029,0.0,0.10603848233321705,0.12950009527234274,0.0,0.3609069775225108,0.980988125004745,0.0,0.1936316077328134,0.09389846514650146,0.0
