,rcvTime,sendTime,label,pos_x,pos_y,pos_z,pos_noise_x,pos_noise_y,pos_noise_z,spd_x,spd_y,spd_z,spd_noise_x,spd_noise_y,spd_noise_z,acl_x,acl_y,acl_z,acl_noise_x,acl_noise_y,acl_noise_z,hed_x,hed_y,hed_z,hed_noise_x,hed_noise_y,hed_noise_z
172,0.23384812416281875,0.23384812416281875,0.0,0.29805815498594396,0.1932431566351231,0.0,0.21167214374177967,0.16886603740214978,0.0,0.5324478908573932,0.35731717574553,0.0,0.13810253238154496,0.28832131315710785,0.0,0.5063747304564837,0.4988193498875467,0.0,0.00247454419487301,0.0005622156413214989,0.0,0.9770300990732828,0.6493962395824598,0.0,0.02615161045211972,0.12381149060413962,0.0
