,rcvTime,sendTime,label,pos_x,pos_y,pos_z,pos_noise_x,pos_noise_y,pos_noise_z,spd_x,spd_y,spd_z,spd_noise_x,spd_noise_y,spd_noise_z,acl_x,acl_y,acl_z,acl_noise_x,acl_noise_y,acl_noise_z,hed_x,hed_y,hed_z,hed_noise_x,hed_noise_y,hed_noise_z
826,0.7407137517665205,0.7407137517665205,0.2777777777777778,0.09525987856266187,0.5679244837656284,0.0,0.46816431977173734,0.43489485755427126,0.0,0.4127678444849615,0.5577540018968024,0.0,0.4110414137576881,0.3806883091288475,0.0,0.5140552277154857,0.48421478959725767,0.0,0.0002007317723934876,0.00015870730172801045,0.0,0.5054608995859218,0.9999447801442584,0.0,0.3156687916724872,0.1126824944346166,0.0
832,0.7775943245346184,0.7775943245346184,0.2777777777777778,0.09265478356309216,0.5889308497436586,0.0,0.3656830192696683,0.27034122449786313,0.0,0.4127678444849615,0.5577540018968024,0.0,0.4073901118540957,0.42179824789707754,0.0,0.5118995300255431,0.5006494498481743,0.0,0.0,0.0,0.0,0.4974782995323989,0.9999998846479081,0.0,0.26850823679092295,0.39625635406441895,0.0
830,0.7653007556713192,0.7653007556713192,0.2777777777777778,0.09268478990995949,0.5889351803205825,0.0,0.3697554811841164,0.413788647297334,0.0,0.4127678444849615,0.5577540018968024,0.0,0.40739135336951093,0.4217837446441025,0.0,0.5646956510423244,0.08318422257054858,0.0,0.003939470484000062,0.02109448680244773,0.0,0.5038412899005971,0.9999661896579671,0.0,0.2685230358022474,0.39608160611457943,0.0
